{"resnet18_stride": {"train_history": [1.4457348185415204, 1.0271903964111935, 0.8428833183605928, 0.7214987212792039, 0.603419491819836, 0.49143961170134515, 0.3723243360118185, 0.1776035710716167, 0.13290820458614444, 0.11018708717971537, 0.092052812061927, 0.07787639778138869, 0.07645132737013989, 0.07579983557838746, 0.0706425975407222], "valid_history": [1.2973326625135857, 1.3062725400294715, 0.9283316623631531, 0.7821862113669635, 0.8321209741317159, 0.8638308119725405, 0.7986762784724313, 0.5902326905691042, 0.6005806072153211, 0.6005590935426999, 0.6102060230857715, 0.5880715923035532, 0.5867400004914621, 0.5884912272203502, 0.5792677801374982], "accuracy_history": [0.5645859872611465, 0.618343949044586, 0.7008917197452229, 0.7459872611464968, 0.7452229299363057, 0.7289171974522293, 0.7533757961783439, 0.8107006369426751, 0.8045859872611465, 0.8007643312101911, 0.8020382165605096, 0.8061146496815287, 0.8094267515923567, 0.8071337579617834, 0.8145222929936305]}, "vgg_tiny_new": {"train_history": [1.6864844551561653, 1.1626770789357457, 0.9275482606797202, 0.7471009947963663], "valid_history": [1.4186442724572934, 1.057058493417453, 0.9941564347685837, 0.976880083723766], "accuracy_history": [0.5301910828025478, 0.6606369426751593, 0.6802547770700637, 0.6914649681528663]}, "vgg_16": {"train_history": [2.006347511467096, 1.60547460303516, 1.396479075422158, 1.2151994066363252, 1.0581952066135567, 0.9043264507089515], "valid_history": [1.790993890142053, 1.5638296594464682, 1.4741756097088015, 1.343024471426398, 1.1799389195393741, 1.0938361129625056], "accuracy_history": [0.39312101910828023, 0.4817834394904459, 0.5006369426751592, 0.5526114649681528, 0.6247133757961784, 0.6504458598726115]}, "vgg_11_new": {"train_history": [1.8554030996118043, 1.3096442078617778, 1.0524305604599618, 0.8459858247456519, 0.6764679286830328], "valid_history": [1.5145334136195299, 1.194212848578042, 1.0605569006950875, 1.0020677062069498, 0.9304830565200588], "accuracy_history": [0.4896815286624204, 0.6140127388535032, 0.65171974522293, 0.6830573248407643, 0.7098089171974522]}, "resnet18_aug": {"train_history": [1.6146612986418847, 1.2675878714669395, 1.1241624450713799, 1.0204309653742492, 0.9213470810193669, 0.8641252448983692, 0.8099304023072929, 0.7456358800063262, 0.7029597351163928, 0.6645574799512286], "valid_history": [1.1668635945979173, 1.1113984412778684, 0.9071777579261036, 0.7531233588309307, 0.7965069223589044, 0.7462425788001317, 0.7392891297737757, 0.6322972913825415, 0.7242608282381926, 0.6271182488559223], "accuracy_history": [0.6259872611464968, 0.6371974522292994, 0.7161783439490446, 0.7620382165605095, 0.7470063694267516, 0.7564331210191083, 0.76, 0.7974522292993631, 0.769171974522293, 0.8002547770700636]}, "resnet18_test": {"train_history": [1.7981475364114787, 1.3695675544440746, 1.183439277515218], "valid_history": [1.5151136682285526, 1.2514701039810492, 1.1699072951223792], "accuracy_history": [0.49359756097560975, 0.6060975609756097, 0.6264227642276422]}}