{"vgg_tiny_aug": {"train_history": [1.971540387417819, 1.6139934190322418, 1.477465461385814, 1.3860811848394774, 1.324416784418596, 1.2607486901704121, 1.2083038919278093, 1.1664392564294708, 1.1224576750065427, 1.086887388389457], "valid_history": [1.6040372611061344, 1.374263673778472, 1.2848007695946266, 1.2503021003269568, 1.2032230468542595, 1.1429591129223506, 1.1530623478375799, 1.0919486522916857, 1.0877519585495072, 1.0534593697970476], "accuracy_history": [0.4508638211382114, 0.5458333333333334, 0.5855691056910569, 0.6015243902439024, 0.6068597560975609, 0.631859756097561, 0.6245426829268292, 0.6459349593495936, 0.652489837398374, 0.6641260162601627]}}