{"resnet18_aug": {"train_history": [1.9550980591290705, 1.688122570917413, 1.5499939041564594, 1.4619088000743776, 1.4057376311236136, 1.349596785431778, 1.3089412439715218, 1.272729637856419, 1.2424281303947036, 1.2054915999037188, 1.185341004080869, 1.157458756723114, 1.1375832594931126, 1.1088070727985453, 1.0722239198716912, 1.0713152677022122, 1.043226584641112, 1.0200175924377668, 0.9941272710424822, 0.9800083315805406, 0.9955099684161108, 0.9814990199095494, 0.9716124946402537, 0.950946710450021, 0.9315254760755075, 0.9225677919095835, 0.907479806777996, 0.883341876462706, 0.8723786634367865, 0.8042221395298839, 0.7843640225662573, 0.7739906234012263, 0.764563264149065, 0.7757167769847689, 0.7648210682578989, 0.7595145970180228, 0.7667155600077397, 0.7603558194697708, 0.751275848823826, 0.748306732876478, 0.7538835138988655, 0.74328223822286, 0.7399655391990736, 0.7342547859140748, 0.7463745524653712, 0.7328671110240189], "valid_history": [1.8372969089484796, 1.6317931498453868, 1.4336570748468724, 1.4819990287466747, 1.3324413457052495, 1.2059046468599055, 1.2305980974096593, 1.1734760144377143, 1.1760143369920855, 1.1305214046705059, 1.1284986140766764, 1.0696049516763144, 1.0305632360097838, 1.1077670488294546, 1.0021249300580684, 1.016149847851536, 1.0107662512398348, 0.9667539844910303, 0.9856915824054703, 1.0088214525968078, 0.9717635501448701, 0.9474441916719685, 0.9386887758122227, 0.9963506872697574, 0.915499125402875, 0.8735051459170938, 0.9037714715653319, 0.916859595998516, 0.9518262651877675, 0.836262560411682, 0.8015446864007935, 0.816364778856921, 0.8171401238901829, 0.8138553010133224, 0.8109410479059064, 0.8050689498583475, 0.8113718049797586, 0.7856329377225744, 0.8099977589719664, 0.8204860841113377, 0.798065419846434, 0.795094989785334, 0.7821733300399974, 0.7960736881790123, 0.7908356186093354, 0.7957530635280338], "accuracy_history": [0.35294715447154473, 0.44756097560975605, 0.5269308943089431, 0.5098069105691057, 0.5644817073170733, 0.6089430894308944, 0.5929369918699188, 0.6160060975609756, 0.6211890243902439, 0.6320630081300813, 0.6424288617886179, 0.6546747967479676, 0.6613313008130082, 0.6440548780487805, 0.6807926829268293, 0.6668191056910568, 0.6672764227642277, 0.6842987804878049, 0.6882621951219512, 0.6720528455284552, 0.6882113821138212, 0.6980691056910568, 0.696849593495935, 0.6790142276422764, 0.7029979674796748, 0.7206808943089431, 0.7056402439024391, 0.7160569105691057, 0.6915142276422764, 0.7316056910569105, 0.7463922764227643, 0.7407520325203252, 0.7377032520325203, 0.7383130081300813, 0.7422764227642277, 0.7421239837398373, 0.7402947154471545, 0.74994918699187, 0.7405487804878049, 0.7413109756097561, 0.7492378048780488, 0.7481199186991869, 0.7510162601626016, 0.7451727642276422, 0.7497459349593496, 0.7517784552845529]}}