{"resnet50": {"train_history": [2.107275957996781], "valid_history": [2.0125950754173405], "accuracy_history": [0.27957317073170734]}}