{"vgg_tiny": {"train_history": [1.8918219937666043, 1.4829309877712984, 1.335299467315545, 1.2299526753659185, 1.152512278860888, 1.077605083886836, 1.0071955618725434, 0.9498175181247093, 0.8925334768923553, 0.8407687941012351], "valid_history": [1.6201484414135539, 1.4275240222128427, 1.339187262988672, 1.2792422987096679, 1.2163392866893512, 1.1930402638466377, 1.1579609704696066, 1.1378250653908504, 1.146935681986615, 1.103711444430235], "accuracy_history": [0.45589430894308947, 0.5240345528455285, 0.5613313008130082, 0.5860264227642277, 0.6092479674796748, 0.6172764227642277, 0.6313008130081301, 0.6387703252032519, 0.6396341463414634, 0.6508130081300812]}}