{"resnet9_aug": {"train_history": [1.8455830300981935, 1.6139092737355747, 1.4710862637572997, 1.3903676098262943, 1.3131861117844645, 1.2346343563215152, 1.182611609733588, 1.1358631349898674, 1.0917105691859852, 1.0483343898243196, 1.016858874341926, 0.977864155696856, 0.9764969581486406, 0.9398974738511685, 0.9061265656271497, 0.882422441918705, 0.8735451367557854, 0.8367824449732497, 0.7091487061886771, 0.6578944758386225, 0.6560696809225388, 0.635421477988161, 0.6226500028341606, 0.6099829797859531, 0.605476590955781, 0.6100373217533972, 0.5818670124469979, 0.5729347145990342, 0.5587824391377335, 0.5844993797961522, 0.5686312371462181, 0.5676418510265648], "valid_history": [1.6875307252252005, 1.5822073359314988, 1.4768843645971965, 1.2643325813417512, 1.1680231678292035, 1.1191140231562824, 1.3087264872421094, 1.1296576975080055, 0.968506656889993, 1.0640879450290184, 1.1965515576000136, 0.9598727265024573, 0.8947908733554972, 0.9028611202247259, 0.8578159659495198, 0.9232073106416842, 0.8614998113787998, 0.9432570596293706, 0.6824081741818567, 0.6747191014692067, 0.6555891718745717, 0.6622585818716665, 0.6513539832539674, 0.6446322795094513, 0.6540323078814076, 0.6617077439114815, 0.6507539387822636, 0.6278331183139386, 0.6297990693975755, 0.6376749982194203, 0.6375687370394788, 0.6365560131768385], "accuracy_history": [0.4145325203252032, 0.48109756097560974, 0.5107215447154472, 0.582520325203252, 0.6193089430894309, 0.6358739837398374, 0.5972052845528455, 0.6368394308943089, 0.6871443089430894, 0.6528455284552845, 0.610670731707317, 0.6962906504065041, 0.7069613821138211, 0.7026930894308944, 0.7153963414634147, 0.7064532520325203, 0.725609756097561, 0.7001016260162601, 0.7808434959349594, 0.7801829268292684, 0.7865345528455285, 0.7872459349593496, 0.791869918699187, 0.7903963414634146, 0.788109756097561, 0.7858231707317073, 0.7890752032520326, 0.7982215447154472, 0.7992378048780489, 0.7979674796747968, 0.791920731707317, 0.7961382113821138]}}