{"resnet9": {"train_history": [1.7748241885691076, 1.3596350422783479, 1.1757983179712617, 1.0537699436315813, 0.969954336414466, 0.8932997847126948, 0.835339695668301, 0.7840921625092223, 0.7305557915840197, 0.6869733777601976, 0.6343506503648855, 0.5891518145547928, 0.5390628402851321, 0.5007209967368761, 0.45664742789105384, 0.4140996876474772, 0.37053859908435793, 0.3344366361538099, 0.29331693316281243, 0.26153996333832275, 0.2630234089730358, 0.23191036263203904, 0.20944199314013728, 0.1822432439547737, 0.15977158460363344, 0.11811075189679458, 0.11030247994081897, 0.10930070335460776, 0.1073767192869422, 0.10238095044749915, 0.101749806183491, 0.10152369249939315], "valid_history": [1.4554200652169018, 1.2119485004161432, 1.109450388003171, 1.0426182995239894, 0.9626420683007899, 0.9239841537262367, 0.8983669312504249, 0.900434783198, 0.8525970742954472, 0.8226427439509368, 0.8105927198156109, 0.7961813501589666, 0.7706298429549225, 0.781048816908908, 0.7934044391764858, 0.7687336738577218, 0.7595839020682544, 0.8077200594835166, 0.7548567626049848, 0.765430502018066, 0.7712842333244114, 0.7550407820116214, 0.812091473399139, 0.8263561281610311, 0.8528113844918042, 0.745404682871772, 0.74433034452481, 0.733441990323183, 0.7387856007894364, 0.7411901394162721, 0.7379129212803957, 0.7310616275280472], "accuracy_history": [0.5398373983739838, 0.6242886178861788, 0.6507621951219512, 0.6753048780487805, 0.6934959349593496, 0.7117378048780488, 0.7197154471544716, 0.7237804878048781, 0.729369918699187, 0.7368902439024391, 0.7479166666666667, 0.7446646341463414, 0.7519308943089431, 0.7515243902439024, 0.7543191056910569, 0.7553353658536586, 0.760060975609756, 0.7407012195121951, 0.7626524390243903, 0.7629573170731707, 0.7519308943089431, 0.7598577235772358, 0.7402947154471545, 0.7491361788617886, 0.7364329268292683, 0.7651422764227642, 0.7693089430894309, 0.7697662601626016, 0.7682418699186992, 0.7679369918699187, 0.7712906504065041, 0.7715955284552846]}}