{"resnet34_aug": {"train_history": [2.015188417523294, 1.7486136060308766, 1.6087945292930346, 1.5146502706448775, 1.4353562163541447, 1.3899300581700094, 1.3290794279325653, 1.2929977095006286, 1.2476893037154868, 1.2045216433502532, 1.1745340244190112, 1.137302083139484, 1.1200657934453842, 1.0804819344366725, 1.0541775932384503, 1.0369307438062656, 0.9995386025591476, 0.9831084154948995, 0.9696718288736569, 0.934488557480477, 0.9440479254400408, 0.9138795002489477, 0.8957261991863316, 0.8916970388208693, 0.8650048683221275, 0.8470289060292212, 0.8199986748246325, 0.8039948086984254, 0.7755071781323971, 0.7644468802153259, 0.7645714121644158, 0.7339186697845926, 0.7119137485184379, 0.7054590066215275, 0.6874347105874, 0.6647783307408964, 0.6615428995794138, 0.6557692812906729, 0.6311381551109858, 0.5443731670871981, 0.5126433228520123, 0.4989770887344069, 0.4992808904750524], "valid_history": [1.8935933001642304, 1.628053399120889, 1.469816881224392, 1.4060235961181362, 1.318125216335785, 1.2787923849210507, 1.2535420039562675, 1.206696368087598, 1.1697203065079402, 1.116444804440669, 1.1088414593198435, 1.0894314853277633, 1.0454500008647034, 1.063261364291354, 1.0358301867556765, 1.0041730210063904, 1.055093934078042, 1.0246670087420844, 0.9667154607491765, 0.9952738507370639, 0.9592056932245813, 0.9479349571757201, 0.9272373614272451, 0.9331786943887307, 0.9012662736259824, 0.88974971602845, 0.8687521431261931, 0.8298495771075652, 0.9229012888258066, 0.8256920619102998, 0.8291330867545391, 0.8234796041880197, 0.8266710410636615, 0.8165634691836389, 0.8322268539691359, 0.7623274147934546, 0.7966429927363629, 0.7965744516956128, 0.8050980481311558, 0.7346271910076219, 0.7086431370760368, 0.7080785344104942, 0.7091300561115509], "accuracy_history": [0.33440040650406505, 0.45081300813008135, 0.5058943089430894, 0.5202235772357723, 0.5544715447154471, 0.5740853658536585, 0.5850609756097561, 0.6079268292682928, 0.608079268292683, 0.6261686991869918, 0.6361788617886179, 0.6455284552845529, 0.6553861788617886, 0.6552845528455284, 0.6589430894308943, 0.6795223577235772, 0.651270325203252, 0.6616869918699188, 0.6861280487804878, 0.6808943089430894, 0.6864329268292684, 0.6976117886178862, 0.7077743902439025, 0.6971036585365854, 0.7049288617886179, 0.7121443089430894, 0.7222052845528455, 0.7283028455284553, 0.701880081300813, 0.7354166666666666, 0.7303353658536585, 0.7382113821138211, 0.7388211382113821, 0.7448170731707316, 0.7362296747967481, 0.7526422764227643, 0.744410569105691, 0.7451219512195122, 0.7428353658536586, 0.7689532520325203, 0.7763719512195122, 0.7773882113821139, 0.7733231707317073]}}