{"resnet50": {"train_history": [2.107275957996781, 1.9292934466455434, 1.8499017736396275, 1.766771463526262, 1.7045489742949202, 1.6543953341205377, 1.595585354578656, 1.5740646951504655, 1.5406316084837592, 1.5145769066907264, 1.463366314567424, 1.445645939659428, 1.4216174519545324, 1.3890772122587707, 1.373031688098972, 1.347443587675288, 1.3141558832816176, 1.29577113285258, 1.2805153161186624, 1.2523395593806699, 1.2462609385115069, 1.2234816441463459, 1.2083058734298557, 1.1842399876363374, 1.165729549235186, 1.1380688216839288, 1.1322535404281036, 1.1124841215944774, 1.0967517796199064, 1.0331517108086798, 1.0090522807393525, 0.992481809210133, 0.9849116643135613, 0.9748611650555521, 0.9739705228523629, 0.9789222496486193, 0.9751956135638662, 0.9704624748713261, 0.9562243804637645, 0.9481487409589259, 0.9827305822054276, 0.9712377409073146, 0.9734174719432721, 0.9688366999396602, 0.9517001172376646, 0.9575192492857978, 0.9628074202384498, 0.9485769938878916, 0.932592212751105, 0.9440105471357301, 0.9311815948301071, 0.9335918165239934, 0.9402678041039286, 0.9369388966745621, 0.9337402363181919], "valid_history": [2.0125950754173405, 1.8808746318507001, 1.7913080172810127, 1.6586016571618678, 1.6064791928946487, 1.516917569608223, 1.464268829522094, 1.535308354026903, 1.3907822508637497, 1.3899469504026862, 1.3784089163551485, 1.318406774745724, 1.3597706592664487, 1.2705471297589743, 1.2982589503129323, 1.223484305831475, 1.2535067111011442, 1.1925336081322615, 1.3029459743964962, 1.2624932565097886, 1.1612669743173492, 1.1931396474440892, 1.1191691988851966, 1.1349190182802154, 1.1147057703597758, 1.0547962536414464, 1.0930111524535389, 1.128495762139801, 1.1215724208490636, 1.0328115952935646, 1.0158027566787673, 1.0355845749135908, 1.002400020091999, 0.9998115992885295, 0.9940902153408624, 0.9820981230435333, 0.9939018281979289, 1.0009087030965138, 1.0215248799905545, 1.0171828099140308, 0.9860647352245765, 1.0165227231213716, 0.9846087291957887, 0.9977115598635945, 0.9812545932647658, 1.007744216882601, 0.9885986488524491, 0.9897269473933592, 0.9872467222252512, 1.001986664182287, 0.9682306721200787, 0.9786399490222698, 0.9941071792831265, 0.990983976338937, 0.9974176417279049], "accuracy_history": [0.27957317073170734, 0.34278455284552845, 0.37210365853658534, 0.44115853658536586, 0.45228658536585364, 0.4929369918699187, 0.5133130081300813, 0.49634146341463414, 0.53119918699187, 0.532571138211382, 0.5341463414634147, 0.556859756097561, 0.5460365853658536, 0.5808943089430895, 0.5738821138211383, 0.6020833333333334, 0.5885670731707316, 0.6132113821138211, 0.5730691056910568, 0.5902947154471545, 0.6197662601626016, 0.6141768292682928, 0.6457317073170732, 0.6282012195121951, 0.6439024390243903, 0.6579268292682927, 0.6489329268292683, 0.6389227642276423, 0.6440040650406504, 0.6659552845528455, 0.6748983739837399, 0.6691056910569105, 0.6797764227642277, 0.678760162601626, 0.6866869918699188, 0.6886686991869918, 0.6823678861788618, 0.6823170731707316, 0.6722052845528456, 0.6815548780487805, 0.6826727642276422, 0.6747459349593496, 0.6810467479674797, 0.682571138211382, 0.6866869918699188, 0.6811483739837398, 0.6788109756097561, 0.6849085365853659, 0.6817581300813008, 0.6814024390243902, 0.6897357723577237, 0.691920731707317, 0.6790650406504065, 0.6808943089430894, 0.6792682926829268]}}