{"vgg16": {"train_history": [1.9826854139163688, 1.6020930170811511, 1.3467275269732282, 1.1393798764895748, 0.9804962214988631, 0.7911295987464286, 0.544898096358756, 0.19253893679234427, 0.1172126667543371, 0.07872065227845293], "valid_history": [1.7684324853788547, 1.5418454539485094, 1.3190593324541076, 1.197689677883939, 1.203983171320543, 1.3619154534204219, 1.4079729986142338, 1.538924528088996, 1.70126306604806, 1.8846335239042111], "accuracy_history": [0.38978658536585364, 0.49451219512195127, 0.5595020325203252, 0.6071138211382113, 0.6107723577235772, 0.5916158536585365, 0.6089430894308944, 0.6371951219512195, 0.6360772357723578, 0.6323170731707317]}}