{"vgg11": {"train_history": [1.8403255399819967, 1.4248718731105328, 1.2351639425835095, 1.0957158685133264, 0.9769801521623457, 0.8842347869397821, 0.7894118639665682, 0.6920478448422777, 0.6040808591123268, 0.5057520040789166], "valid_history": [1.5651813246370332, 1.4099310195542933, 1.2318872151578344, 1.1566842821070817, 1.0642097167731301, 1.044144125973306, 1.0626229201632786, 1.034319429196478, 1.0501666543929558, 1.0708638835486357], "accuracy_history": [0.4693089430894309, 0.535670731707317, 0.5959349593495935, 0.6284552845528455, 0.6580284552845529, 0.6676321138211383, 0.6599085365853659, 0.6739837398373985, 0.6741361788617887, 0.6741869918699187]}}