{"resnet18": {"train_history": [1.4605897286453762, 1.0264554255818192, 0.8562098786838956, 0.7300967204107626, 0.6021640989300165, 0.4934960023399342, 0.2813649111729417, 0.21027439082595142, 0.18020225160855902, 0.14865050720038345, 0.1227155005295031, 0.11881237706119144, 0.11678745567710516, 0.11505544577360254, 0.11035942192806082, 0.11242935806512833], "valid_history": [1.2961044837304248, 1.0789161541355334, 0.8741015046229207, 0.9466832682974939, 0.9255906941323746, 1.0097136581089439, 0.5901131360390321, 0.596065736852768, 0.5993602953063764, 0.6011748989604837, 0.5788347079623036, 0.5782432606731488, 0.5802084951381373, 0.5749873459354286, 0.581030893980003, 0.5805048328347322], "accuracy_history": [0.5559959349593496, 0.651829268292683, 0.7146849593495935, 0.6928861788617886, 0.7079776422764228, 0.6816056910569106, 0.8046239837398373, 0.804420731707317, 0.8050813008130082, 0.8030487804878049, 0.811229674796748, 0.8125, 0.8134654471544716, 0.8104674796747967, 0.8116869918699188, 0.81244918699187]}}