{"resnet9_aug": {"train_history": [1.8455830300981935, 1.6139092737355747, 1.4710862637572997, 1.3903676098262943, 1.3131861117844645, 1.2346343563215152, 1.182611609733588, 1.1358631349898674, 1.0917105691859852, 1.0483343898243196, 1.016858874341926, 0.977864155696856, 0.9764969581486406, 0.9398974738511685, 0.9061265656271497, 0.882422441918705, 0.8735451367557854, 0.8367824449732497, 0.7091487061886771, 0.6578944758386225, 0.6560696809225388, 0.635421477988161, 0.6226500028341606, 0.6099829797859531, 0.605476590955781, 0.6100373217533972, 0.5818670124469979, 0.5729347145990342, 0.5587824391377335, 0.5844993797961522, 0.5686312371462181, 0.5676418510265648, 0.5721661124151904, 0.5669264599202654, 0.5633212378802331, 0.5712662506722719, 0.5600727231971718, 0.5607653532831652, 0.5576144119321897, 0.5621077827605847, 0.5616857470894182, 0.5577880593167769, 0.5569260757466828, 0.5618135909851942, 0.5628584309707623, 0.5608784044539002, 0.5589933418542952, 0.5596289673216037], "valid_history": [1.6875307252252005, 1.5822073359314988, 1.4768843645971965, 1.2643325813417512, 1.1680231678292035, 1.1191140231562824, 1.3087264872421094, 1.1296576975080055, 0.968506656889993, 1.0640879450290184, 1.1965515576000136, 0.9598727265024573, 0.8947908733554972, 0.9028611202247259, 0.8578159659495198, 0.9232073106416842, 0.8614998113787998, 0.9432570596293706, 0.6824081741818567, 0.6747191014692067, 0.6555891718745717, 0.6622585818716665, 0.6513539832539674, 0.6446322795094513, 0.6540323078814076, 0.6617077439114815, 0.6507539387822636, 0.6278331183139386, 0.6297990693975755, 0.6376749982194203, 0.6375687370394788, 0.6365560131768385, 0.6277012534863581, 0.6284342304750429, 0.6323229632363087, 0.6274112864299034, 0.623699423501162, 0.6187443320101839, 0.6305122835849358, 0.625486024814408, 0.6270478009208431, 0.623192468340077, 0.625460519992966, 0.6336074264614078, 0.6304109751330158, 0.6311542455682425, 0.6155396237727103, 0.619022452794924], "accuracy_history": [0.4145325203252032, 0.48109756097560974, 0.5107215447154472, 0.582520325203252, 0.6193089430894309, 0.6358739837398374, 0.5972052845528455, 0.6368394308943089, 0.6871443089430894, 0.6528455284552845, 0.610670731707317, 0.6962906504065041, 0.7069613821138211, 0.7026930894308944, 0.7153963414634147, 0.7064532520325203, 0.725609756097561, 0.7001016260162601, 0.7808434959349594, 0.7801829268292684, 0.7865345528455285, 0.7872459349593496, 0.791869918699187, 0.7903963414634146, 0.788109756097561, 0.7858231707317073, 0.7890752032520326, 0.7982215447154472, 0.7992378048780489, 0.7979674796747968, 0.791920731707317, 0.7961382113821138, 0.7953760162601626, 0.7952235772357723, 0.7941565040650407, 0.7991869918699187, 0.7997967479674797, 0.8002540650406504, 0.7958841463414634, 0.7966463414634146, 0.7944105691056911, 0.7986788617886179, 0.7972052845528456, 0.7951219512195121, 0.7954776422764228, 0.7947662601626015, 0.8005589430894309, 0.7989837398373985]}}