{"resnet18_aug_lr4": {"train_history": [1.4511813542528733, 1.2156903733675544, 1.0792964889189682, 0.9840961288962815, 0.908322534800784, 0.8320760281404128, 0.7696031357564435, 0.7181718940720767, 0.6811182522592513, 0.6416098189200401, 0.6119603078963386, 0.5652848608930268, 0.5490304226483647, 0.5155707943517513, 0.49570566895921286, 0.47828030167147517, 0.3573588155040115, 0.3174602390751494, 0.3118249767938176, 0.29263703644942696], "valid_history": [1.0862805713725283, 1.036687961075364, 1.017353914617523, 0.8122871357008694, 0.8002247872149072, 0.784372684795682, 0.7323069930742911, 0.7017346044502607, 0.7366572303500601, 0.6475804932415485, 0.7264531105453891, 0.641654983859479, 0.5837002721032113, 0.7501666757876311, 0.5918534198223151, 0.6112791718990822, 0.4603091709209773, 0.45248464610412475, 0.4614005842193113, 0.4598984872407424], "accuracy_history": [0.6572662601626016, 0.6619918699186992, 0.6753048780487805, 0.7307926829268293, 0.7408028455284553, 0.7555386178861789, 0.7628556910569105, 0.7717479674796748, 0.7684959349593496, 0.7963922764227642, 0.7676829268292683, 0.7959857723577236, 0.8135162601626016, 0.7689532520325203, 0.8089430894308943, 0.8116869918699188, 0.8503048780487805, 0.8576727642276423, 0.8569613821138211, 0.8525914634146342]}}