{"resnet34_aug": {"train_history": [2.015188417523294, 1.7486136060308766, 1.6087945292930346, 1.5146502706448775, 1.4353562163541447, 1.3899300581700094, 1.3290794279325653, 1.2929977095006286, 1.2476893037154868, 1.2045216433502532, 1.1745340244190112, 1.137302083139484, 1.1200657934453842, 1.0804819344366725, 1.0541775932384503, 1.0369307438062656, 0.9995386025591476, 0.9831084154948995, 0.9696718288736569, 0.934488557480477, 0.9440479254400408], "valid_history": [1.8935933001642304, 1.628053399120889, 1.469816881224392, 1.4060235961181362, 1.318125216335785, 1.2787923849210507, 1.2535420039562675, 1.206696368087598, 1.1697203065079402, 1.116444804440669, 1.1088414593198435, 1.0894314853277633, 1.0454500008647034, 1.063261364291354, 1.0358301867556765, 1.0041730210063904, 1.055093934078042, 1.0246670087420844, 0.9667154607491765, 0.9952738507370639, 0.9592056932245813], "accuracy_history": [0.33440040650406505, 0.45081300813008135, 0.5058943089430894, 0.5202235772357723, 0.5544715447154471, 0.5740853658536585, 0.5850609756097561, 0.6079268292682928, 0.608079268292683, 0.6261686991869918, 0.6361788617886179, 0.6455284552845529, 0.6553861788617886, 0.6552845528455284, 0.6589430894308943, 0.6795223577235772, 0.651270325203252, 0.6616869918699188, 0.6861280487804878, 0.6808943089430894, 0.6864329268292684]}}