{"resnet18_aug": {"train_history": [1.9550980591290705, 1.688122570917413, 1.5499939041564594, 1.4619088000743776, 1.4057376311236136, 1.349596785431778, 1.3089412439715218, 1.272729637856419, 1.2424281303947036, 1.2054915999037188, 1.185341004080869, 1.157458756723114, 1.1375832594931126, 1.1088070727985453, 1.0722239198716912, 1.0713152677022122, 1.043226584641112, 1.0200175924377668, 0.9941272710424822, 0.9800083315805406, 0.9955099684161108], "valid_history": [1.8372969089484796, 1.6317931498453868, 1.4336570748468724, 1.4819990287466747, 1.3324413457052495, 1.2059046468599055, 1.2305980974096593, 1.1734760144377143, 1.1760143369920855, 1.1305214046705059, 1.1284986140766764, 1.0696049516763144, 1.0305632360097838, 1.1077670488294546, 1.0021249300580684, 1.016149847851536, 1.0107662512398348, 0.9667539844910303, 0.9856915824054703, 1.0088214525968078, 0.9717635501448701], "accuracy_history": [0.35294715447154473, 0.44756097560975605, 0.5269308943089431, 0.5098069105691057, 0.5644817073170733, 0.6089430894308944, 0.5929369918699188, 0.6160060975609756, 0.6211890243902439, 0.6320630081300813, 0.6424288617886179, 0.6546747967479676, 0.6613313008130082, 0.6440548780487805, 0.6807926829268293, 0.6668191056910568, 0.6672764227642277, 0.6842987804878049, 0.6882621951219512, 0.6720528455284552, 0.6882113821138212]}}