{"resnet18": {"train_history": [1.8071950204871796, 1.3996308785233949, 1.2036349391816437, 1.0909979627341837, 1.001089766319539, 0.9331860933956262, 0.8628978056178706, 0.8184738330341674, 0.765607687971882, 0.7119316164202787, 0.6563752986037651, 0.6096431457915822, 0.5732484545709716, 0.5237105185971469, 0.4796685219264111, 0.4098958678644251, 0.40292997893600446, 0.39535484387463815, 0.3838516723087712, 0.38969452810045835], "valid_history": [1.5296286562593973, 1.2677141728439951, 1.1294877861694592, 1.0733639171453027, 1.0030231782333638, 0.9585692338584885, 0.9231434313020086, 0.9118853099947053, 0.8935696296091002, 0.8487298654589227, 0.8827576401030145, 0.8110630414107951, 0.8152157657030152, 0.8502674233622667, 0.842391040569883, 0.7584091746589032, 0.754002934548913, 0.7523811876289244, 0.7541782778453051, 0.7545564596245928], "accuracy_history": [0.513770325203252, 0.5996951219512195, 0.6508130081300812, 0.6617886178861789, 0.6854166666666667, 0.6952743902439024, 0.7117886178861789, 0.7097560975609756, 0.7206808943089431, 0.7329776422764228, 0.722510162601626, 0.7482723577235771, 0.7471036585365853, 0.7280487804878049, 0.725609756097561, 0.7609247967479674, 0.7611788617886179, 0.7608739837398374, 0.7638211382113821, 0.7603658536585366]}}{"resnet18": {"train_history": [1.8071950204871796, 1.3996308785233949, 1.2036349391816437, 1.0909979627341837, 1.001089766319539, 0.9331860933956262, 0.8628978056178706, 0.8184738330341674, 0.765607687971882, 0.7119316164202787, 0.6563752986037651, 0.6096431457915822, 0.5732484545709716, 0.5237105185971469, 0.4796685219264111, 0.4098958678644251, 0.40292997893600446, 0.39535484387463815, 0.3838516723087712, 0.38969452810045835, 0.3801560617882658], "valid_history": [1.5296286562593973, 1.2677141728439951, 1.1294877861694592, 1.0733639171453027, 1.0030231782333638, 0.9585692338584885, 0.9231434313020086, 0.9118853099947053, 0.8935696296091002, 0.8487298654589227, 0.8827576401030145, 0.8110630414107951, 0.8152157657030152, 0.8502674233622667, 0.842391040569883, 0.7584091746589032, 0.754002934548913, 0.7523811876289244, 0.7541782778453051, 0.7545564596245928, 0.7591769224623355], "accuracy_history": [0.513770325203252, 0.5996951219512195, 0.6508130081300812, 0.6617886178861789, 0.6854166666666667, 0.6952743902439024, 0.7117886178861789, 0.7097560975609756, 0.7206808943089431, 0.7329776422764228, 0.722510162601626, 0.7482723577235771, 0.7471036585365853, 0.7280487804878049, 0.725609756097561, 0.7609247967479674, 0.7611788617886179, 0.7608739837398374, 0.7638211382113821, 0.7603658536585366, 0.7577743902439024]}}{"resnet18": {"train_history": [1.8071950204871796, 1.3996308785233949, 1.2036349391816437, 1.0909979627341837, 1.001089766319539, 0.9331860933956262, 0.8628978056178706, 0.8184738330341674, 0.765607687971882, 0.7119316164202787, 0.6563752986037651, 0.6096431457915822, 0.5732484545709716, 0.5237105185971469, 0.4796685219264111, 0.4098958678644251, 0.40292997893600446, 0.39535484387463815, 0.3838516723087712, 0.38969452810045835, 0.3801560617882658, 0.3800529426064443], "valid_history": [1.5296286562593973, 1.2677141728439951, 1.1294877861694592, 1.0733639171453027, 1.0030231782333638, 0.9585692338584885, 0.9231434313020086, 0.9118853099947053, 0.8935696296091002, 0.8487298654589227, 0.8827576401030145, 0.8110630414107951, 0.8152157657030152, 0.8502674233622667, 0.842391040569883, 0.7584091746589032, 0.754002934548913, 0.7523811876289244, 0.7541782778453051, 0.7545564596245928, 0.7591769224623355, 0.7535834951492829], "accuracy_history": [0.513770325203252, 0.5996951219512195, 0.6508130081300812, 0.6617886178861789, 0.6854166666666667, 0.6952743902439024, 0.7117886178861789, 0.7097560975609756, 0.7206808943089431, 0.7329776422764228, 0.722510162601626, 0.7482723577235771, 0.7471036585365853, 0.7280487804878049, 0.725609756097561, 0.7609247967479674, 0.7611788617886179, 0.7608739837398374, 0.7638211382113821, 0.7603658536585366, 0.7577743902439024, 0.760619918699187]}}{"resnet18": {"train_history": [1.8071950204871796, 1.3996308785233949, 1.2036349391816437, 1.0909979627341837, 1.001089766319539, 0.9331860933956262, 0.8628978056178706, 0.8184738330341674, 0.765607687971882, 0.7119316164202787, 0.6563752986037651, 0.6096431457915822, 0.5732484545709716, 0.5237105185971469, 0.4796685219264111, 0.4098958678644251, 0.40292997893600446, 0.39535484387463815, 0.3838516723087712, 0.38969452810045835, 0.3801560617882658, 0.3800529426064443, 0.3811622768061588], "valid_history": [1.5296286562593973, 1.2677141728439951, 1.1294877861694592, 1.0733639171453027, 1.0030231782333638, 0.9585692338584885, 0.9231434313020086, 0.9118853099947053, 0.8935696296091002, 0.8487298654589227, 0.8827576401030145, 0.8110630414107951, 0.8152157657030152, 0.8502674233622667, 0.842391040569883, 0.7584091746589032, 0.754002934548913, 0.7523811876289244, 0.7541782778453051, 0.7545564596245928, 0.7591769224623355, 0.7535834951492829, 0.7588975188451085], "accuracy_history": [0.513770325203252, 0.5996951219512195, 0.6508130081300812, 0.6617886178861789, 0.6854166666666667, 0.6952743902439024, 0.7117886178861789, 0.7097560975609756, 0.7206808943089431, 0.7329776422764228, 0.722510162601626, 0.7482723577235771, 0.7471036585365853, 0.7280487804878049, 0.725609756097561, 0.7609247967479674, 0.7611788617886179, 0.7608739837398374, 0.7638211382113821, 0.7603658536585366, 0.7577743902439024, 0.760619918699187, 0.7590447154471545]}}{"resnet18": {"train_history": [1.8071950204871796, 1.3996308785233949, 1.2036349391816437, 1.0909979627341837, 1.001089766319539, 0.9331860933956262, 0.8628978056178706, 0.8184738330341674, 0.765607687971882, 0.7119316164202787, 0.6563752986037651, 0.6096431457915822, 0.5732484545709716, 0.5237105185971469, 0.4796685219264111, 0.4098958678644251, 0.40292997893600446, 0.39535484387463815, 0.3838516723087712, 0.38969452810045835, 0.3801560617882658, 0.3800529426064443, 0.3811622768061588, 0.3683163799421006], "valid_history": [1.5296286562593973, 1.2677141728439951, 1.1294877861694592, 1.0733639171453027, 1.0030231782333638, 0.9585692338584885, 0.9231434313020086, 0.9118853099947053, 0.8935696296091002, 0.8487298654589227, 0.8827576401030145, 0.8110630414107951, 0.8152157657030152, 0.8502674233622667, 0.842391040569883, 0.7584091746589032, 0.754002934548913, 0.7523811876289244, 0.7541782778453051, 0.7545564596245928, 0.7591769224623355, 0.7535834951492829, 0.7588975188451085, 0.7536418265928098], "accuracy_history": [0.513770325203252, 0.5996951219512195, 0.6508130081300812, 0.6617886178861789, 0.6854166666666667, 0.6952743902439024, 0.7117886178861789, 0.7097560975609756, 0.7206808943089431, 0.7329776422764228, 0.722510162601626, 0.7482723577235771, 0.7471036585365853, 0.7280487804878049, 0.725609756097561, 0.7609247967479674, 0.7611788617886179, 0.7608739837398374, 0.7638211382113821, 0.7603658536585366, 0.7577743902439024, 0.760619918699187, 0.7590447154471545, 0.758079268292683]}}{"resnet18": {"train_history": [1.8071950204871796, 1.3996308785233949, 1.2036349391816437, 1.0909979627341837, 1.001089766319539, 0.9331860933956262, 0.8628978056178706, 0.8184738330341674, 0.765607687971882, 0.7119316164202787, 0.6563752986037651, 0.6096431457915822, 0.5732484545709716, 0.5237105185971469, 0.4796685219264111, 0.4098958678644251, 0.40292997893600446, 0.39535484387463815, 0.3838516723087712, 0.38969452810045835, 0.3801560617882658, 0.3800529426064443, 0.3811622768061588, 0.3683163799421006, 0.37086222351000114], "valid_history": [1.5296286562593973, 1.2677141728439951, 1.1294877861694592, 1.0733639171453027, 1.0030231782333638, 0.9585692338584885, 0.9231434313020086, 0.9118853099947053, 0.8935696296091002, 0.8487298654589227, 0.8827576401030145, 0.8110630414107951, 0.8152157657030152, 0.8502674233622667, 0.842391040569883, 0.7584091746589032, 0.754002934548913, 0.7523811876289244, 0.7541782778453051, 0.7545564596245928, 0.7591769224623355, 0.7535834951492829, 0.7588975188451085, 0.7536418265928098, 0.7631052154593352],